<?xml version="1.0" ?>
<GUILayout>
<Window Type="DefaultGUISheet" Name="root">

	<Window Type="DefaultGUISheet" Name="debug_overlay">
		<Property Name="AlwaysOnTop" Value="True" />
		<Property Name="Disabled" Value="True" />
		
		<Window Type="TaharezLook/StaticText" Name="Panel 1">
			<Property Name="Position" Value="x:0 y:0.83" />
			<Property Name="Size" Value="w:0.23 h:0.17" />
			<Property Name="TopLeftFrameImage" Value="set:OgreGuiImagery image:BoxTopLeft" />
			<Property Name="TopRightFrameImage" Value="set:OgreGuiImagery image:BoxTopRight" />
			<Property Name="BottomLeftFrameImage" Value="set:OgreGuiImagery image:BoxBottomLeft" />
			<Property Name="BottomRightFrameImage" Value="set:OgreGuiImagery image:BoxBottomRight" />
			<Property Name="LeftFrameImage" Value="set:OgreGuiImagery image:BoxLeft" />
			<Property Name="TopFrameImage" Value="set:OgreGuiImagery image:BoxTop" />
			<Property Name="RightFrameImage" Value="set:OgreGuiImagery image:BoxRight" />
			<Property Name="BottomFrameImage" Value="set:OgreGuiImagery image:BoxBottom" />
			<Property Name="BackgroundImage" Value="set:OgreGuiImagery image:BoxBack" />
			<Property Name="Alpha" Value="0.9" />
			<Property Name="InheritsAlpha" Value="False" />
	
			<Window Type="TaharezLook/StaticText" Name="OPCurrentFPS">
				<Property Name="FrameEnabled" Value="False" />
				<Property Name="BackgroundEnabled" Value="False" />
				<Property Name="Font" Value="Tahoma-8" />
				<Property Name="Position" Value="x:0.075 y:0.12" />
				<Property Name="Size" Value="w:0.85 h:0.15" />
				<Property Name="TextColours" Value="tl:FF4FF06F tr:FF4FF06F bl:FF4FF06F br:FF4FF06F" />
				<Property Name="HorzFormatting" Value="HorzCentred" />
				<Property Name="Text" Value="Current FPS: " />
			</Window>

			<Window Type="TaharezLook/StaticImage" Name="OPBar1">
				<Property Name="FrameEnabled" Value="False" />
				<Property Name="BackgroundEnabled" Value="False" />
				<Property Name="Position" Value="x:0.2 y:0.27" />
				<Property Name="Size" Value="w:0.6 h:0.025" />
				<Property Name="Image" Value="set:OgreGuiImagery image:Bar" />
			</Window>

			<Window Type="TaharezLook/StaticText" Name="OPAverageFPS">
				<Property Name="FrameEnabled" Value="False" />
				<Property Name="BackgroundEnabled" Value="False" />
				<Property Name="Font" Value="Tahoma-8" />
				<Property Name="Position" Value="x:0.075 y:0.32" />
				<Property Name="Size" Value="w:1.0 h:0.15" />
				<Property Name="TextColours" Value="tl:FFFFF5F0 tr:FFFFF5F0 bl:FFFFF510 br:FFFFF5F0" />
				<Property Name="Text" Value="Average FPS: " />
			</Window>

			<Window Type="TaharezLook/StaticText" Name="OPWorstFPS">
				<Property Name="FrameEnabled" Value="False" />
				<Property Name="BackgroundEnabled" Value="False" />
				<Property Name="Font" Value="Tahoma-8" />
				<Property Name="Position" Value="x:0.075 y:0.45" />
				<Property Name="Size" Value="w:1.0 h:0.15" />
				<Property Name="TextColours" Value="tl:FFFFF5F0 tr:FFFFF5F0 bl:FFFFF510 br:FFFFF5F0" />
				<Property Name="Text" Value="Worst FPS: " />
			</Window>

			<Window Type="TaharezLook/StaticText" Name="OPBestFPS">
				<Property Name="FrameEnabled" Value="False" />
				<Property Name="BackgroundEnabled" Value="False" />
				<Property Name="Font" Value="Tahoma-8" />
				<Property Name="Position" Value="x:0.075 y:0.58" />
				<Property Name="Size" Value="w:1.0 h:0.15" />
				<Property Name="TextColours" Value="tl:FFFFF5F0 tr:FFFFF5F0 bl:FFFFF510 br:FFFFF5F0" />
				<Property Name="Text" Value="Best FPS: " />
			</Window>

			<Window Type="TaharezLook/StaticText" Name="OPTriCount">
				<Property Name="FrameEnabled" Value="False" />
				<Property Name="BackgroundEnabled" Value="False" />
				<Property Name="Font" Value="Tahoma-8" />
				<Property Name="Position" Value="x:0.075 y:0.71" />
				<Property Name="Size" Value="w:1.0 h:0.15" />
				<Property Name="TextColours" Value="tl:FFFFF5F0 tr:FFFFF5F0 bl:FFFFF510 br:FFFFF5F0" />
				<Property Name="Text" Value="Triangle Count: " />
			</Window>

		</Window>

		<Window Type="TaharezLook/StaticText" Name="OPDebugMsg">
			<Property Name="FrameEnabled" Value="False" />
			<Property Name="BackgroundEnabled" Value="False" />
			<Property Name="Font" Value="Tahoma-8" />
			<Property Name="Position" Value="x:0.25 y:0.93" />
			<Property Name="Size" Value="w:0.65 h:0.07" />
			<Property Name="TextColours" Value="tl:A0FFFFFF tr:A0FFFFFF bl:A0FFFFFF br:A0FFFFFF" />
			<Property Name="InheritsAlpha" Value="False" />
			<Property Name="VertFormatting" Value="VertCentred" />
			<Property Name="HorzFormatting" Value="WordWrapCentred" />
		</Window>

		<Window Type="TaharezLook/StaticImage" Name="OgreLogo">
			<Property Name="FrameEnabled" Value="False" />
			<Property Name="BackgroundEnabled" Value="False" />
			<Property Name="Position" Value="x:0.9 y:0.95" />
			<Property Name="Size" Value="w:0.1 h:0.05" />
			<Property Name="Image" Value="set:OgreGuiImagery image:OgreLogo" />
			<Property Name="Alpha" Value="0.75" />
			<Property Name="InheritsAlpha" Value="False" />
		</Window>

		<Window Type="TaharezLook/StaticImage" Name="CeguiLogo">
			<Property Name="FrameEnabled" Value="False" />
			<Property Name="BackgroundEnabled" Value="False" />
			<Property Name="Position" Value="x:0.9125 y:0.9115" />
			<Property Name="Size" Value="w:0.075 h:0.0385" />
			<Property Name="Image" Value="set:OgreGuiImagery image:CeguiLogo" />
			<Property Name="Alpha" Value="0.75" />
			<Property Name="InheritsAlpha" Value="False" />
		</Window>

	</Window>

	<Window Type="DefaultGUISheet" Name="OceanDemo">

		<Property Name="RelativeMaxSize" Value="w:1 h:2" />
		<Property Name="Size" Value="w:1 h:2" />


		<Window Type="TaharezLook/StaticText" Name="HelpTxt">
			<Property Name="Position" Value="x:0.6 y:0.8" />
			<Property Name="RelativeMinSize" Value="w:0.5 h:0.3" />
			<Property Name="Size" Value="w:0.5 h:0.3" />
			<Property Name="Text" Value="Use the Combo boxes to select a shader and a model" />
			<Property Name="InheritsAlpha" Value="False" />
		</Window>
		
		<Window Type="TaharezLook/FrameWindow" Name="OceanDemo/MainWin">
			<Property Name="Position" Value="x:0 y:0" />
			<Property Name="RelativeMaxSize" Value="w:0.23 h:0.23" />
			<Property Name="RelativeMinSize" Value="w:0.23 h:0.23" />
			<Property Name="Size" Value="w:0.23 h:0.23" />
			<Property Name="Text" Value="Selector" />
			<Property Name="Alpha" Value="0.75" />
			<Property Name="CloseButtonEnabled" Value="False" />

			<Window Type="TaharezLook/StaticText" Name="ShaderTxt">
				<Property Name="Position" Value="x:0.05 y:0.15" />
				<Property Name="RelativeMaxSize" Value="w:0.3 h:0.03" />
				<Property Name="RelativeMinSize" Value="w:0.3 h:0.03" />
				<Property Name="Size" Value="w:0.3 h:0.03" />
				<Property Name="HorzFormatting" Value="LeftAligned" />
				<Property Name="Text" Value="Active Material" />
				<Property Name="FrameEnabled" Value="False" />
				<Property Name="BackgroundEnabled" Value="False" />
				<Property Name="InheritsAlpha" Value="False" />
			</Window>

			<Window Type="TaharezLook/Combobox" Name="ShaderCombos">
				<Property Name="Position" Value="x:0.05 y:0.27" />
				<Property Name="RelativeMaxSize" Value="w:0.2 h:0.15" />
				<Property Name="RelativeMinSize" Value="w:0.2 h:0.15" />
				<Property Name="Size" Value="w:0.2 h:0.15" />
				<Property Name="InheritsAlpha" Value="False" />
				<Property Name="ReadOnly" Value="True" />
				<Property Name="ClippedByParent" Value="False" />
			</Window>

			<Window Type="TaharezLook/StaticText" Name="ModelTxt">
				<Property Name="Position" Value="x:0.05 y:0.45" />
				<Property Name="RelativeMaxSize" Value="w:0.3 h:0.03" />
				<Property Name="RelativeMinSize" Value="w:0.3 h:0.03" />
				<Property Name="Size" Value="w:0.3 h:0.03" />
				<Property Name="HorzFormatting" Value="LeftAligned" />
				<Property Name="Text" Value="Active Model" />
				<Property Name="FrameEnabled" Value="False" />
				<Property Name="BackgroundEnabled" Value="False" />
				<Property Name="InheritsAlpha" Value="False" />
			</Window>

			<Window Type="TaharezLook/Combobox" Name="ModelCombos">
				<Property Name="Position" Value="x:0.05 y:0.57" />
				<Property Name="RelativeMaxSize" Value="w:0.2 h:0.15" />
				<Property Name="RelativeMinSize" Value="w:0.2 h:0.15" />
				<Property Name="Size" Value="w:0.2 h:0.15" />
				<Property Name="InheritsAlpha" Value="False" />
				<Property Name="ReadOnly" Value="True" />
				<Property Name="ClippedByParent" Value="False" />
			</Window>

			<Window Type="TaharezLook/Button" Name="ExitDemoBtn">
				<Property Name="Position" Value="x:0.25 y:0.79" />
				<Property Name="RelativeMaxSize" Value="w:0.12 h:0.04" />
				<Property Name="RelativeMinSize" Value="w:0.12 h:0.04" />
				<Property Name="Size" Value="w:0.33 h:0.04" />
				<Property Name="Text" Value="Exit Demo" />
				<Property Name="InheritsAlpha" Value="False" />
			</Window>


		</Window>


		<Window Type="TaharezLook/FrameWindow" Name="ShaderControlsWin">
			<Property Name="Position" Value="x:0.50 y:0" />
			<Property Name="RelativeMaxSize" Value="w:0.5 h:0.22" />
			<Property Name="RelativeMinSize" Value="w:0.5 h:0.22" />
			<Property Name="Size" Value="w:0.5 h:0.22" />
			<Property Name="Text" Value="Shader Controls" />
			<Property Name="Alpha" Value="0.75" />
			<Property Name="CloseButtonEnabled" Value="False" />
			
			<Window Type="TaharezLook/VerticalScrollbar" Name="VerticalScroll">
				<Property Name="Position" Value="x:0.94 y:0.2" />
				<Property Name="Size" Value="w:0.04 h:0.75" />
				<Property Name="DocumentSize" Value="1" />
				<Property Name="PageSize" Value="1" />
				<Property Name="StepSize" Value="0.01" />
				<Property Name="OverlapSize" Value="0.5" />
			</Window>
			
		</Window>

		<Window Type="TaharezLook/FrameWindow" Name="MovementControlsWin">
			<Property Name="Position" Value="x:0.0 y:0.2" />
			<Property Name="RelativeMaxSize" Value="w:0.15 h:0.22" />
			<Property Name="RelativeMinSize" Value="w:0.15 h:0.22" />
			<Property Name="Size" Value="w:0.15 h:0.22" />
			<Property Name="Text" Value="Movement" />
			<Property Name="Alpha" Value="0.75" />
			<Property Name="CloseButtonEnabled" Value="False" />
			
			<Window Type="TaharezLook/RadioButton" Name="CameraRBtn">
				<Property Name="Position" Value="x:0.1 y:0.2" />
				<Property Name="RelativeMaxSize" Value="w:0.12 h:0.03" />
				<Property Name="RelativeMinSize" Value="w:0.12 h:0.03" />
				<Property Name="Size" Value="w:0.33 h:0.03" />
				<Property Name="Text" Value="Camera" />
				<Property Name="InheritsAlpha" Value="False" />
				<Property Name="Selected" Value="true" />
				<Property Name="ID" Value="0" />
			
			</Window>

			<Window Type="TaharezLook/RadioButton" Name="ModelRBtn">
				<Property Name="Position" Value="x:0.1 y:0.4" />
				<Property Name="RelativeMaxSize" Value="w:0.12 h:0.03" />
				<Property Name="RelativeMinSize" Value="w:0.12 h:0.03" />
				<Property Name="Size" Value="w:0.33 h:0.03" />
				<Property Name="Text" Value="Model" />
				<Property Name="InheritsAlpha" Value="False" />
				<Property Name="Selected" Value="False" />
				<Property Name="ID" Value="1" />
			
			</Window>
			
			<Window Type="TaharezLook/Checkbox" Name="ModelSpinCB">
				<Property Name="Position" Value="x:0.2 y:0.53" />
				<Property Name="RelativeMaxSize" Value="w:0.12 h:0.03" />
				<Property Name="RelativeMinSize" Value="w:0.12 h:0.03" />
				<Property Name="Size" Value="w:0.12 h:0.03" />
				<Property Name="InheritsAlpha" Value="False" />
				<Property Name="Text" Value="Spin" />
				<Property Name="Selected" Value="True" />
			</Window>

			<Window Type="TaharezLook/Checkbox" Name="LightSpinCB">
				<Property Name="Position" Value="x:0.1 y:0.7" />
				<Property Name="RelativeMaxSize" Value="w:0.12 h:0.03" />
				<Property Name="RelativeMinSize" Value="w:0.12 h:0.03" />
				<Property Name="Size" Value="w:0.12 h:0.03" />
				<Property Name="InheritsAlpha" Value="False" />
				<Property Name="Text" Value="Spin Light" />
				<Property Name="Selected" Value="False" />
			</Window>
		</Window>
	</Window>

</Window>

</GUILayout>
